{
    "ffmpeg": {
        "record": [
            5420.293675999999,
            5408.173518,
            5416.13733,
            5431.086679999999,
            5512.747875
        ],
        "exec": [
            888.197534,
            900.3034590000001,
            885.3894760000001,
            908.6286040000001,
            915.292525
        ]
    },
    "fib": {
        "record": [ 
            60164.036166000005,
            60119.067051000005,
            60577.159765,
            59647.232322,
            59444.552294999994
        ],
        "exec": [
            10439.07915400000,
            10428.597603,
            10415.644715999999,
            10386.939198,
            10349.31047
        ]
    },
    "handy-tools": {
        "record": [
            6605.29493,
            6199.656041,
            6066.655170000001,
            5949.181277,
            5920.435619
        ],
        "exec": [
            3280.643643,
            3431.335615,
            3358.071925,
            7500.490277000001,
            6951.438234
        ]
    },
    "sqlgui": {
        "record": [
            856.143398,
            886.125243,
            1368.498311,
            925.0887610000001,
            881.710611
        ],
        "exec": [
            847.8854310000002,
            396.7724800000001,
            861.1204500000001,
            389.2091999999999,
            330.76051199999995
        ]
    },
    "multiplyInt": {
        "record": [
            6485.648987,
            6482.916819,
            6557.174534,
            6462.533303,
            6467.495264
        ],
        "exec": [
            6580.20057,
            6449.638625,
            6548.106624,
            6435.020827,
            6439.371306
        ]
    }
}