{
    "boa": [
        71.088904,
        70.245727,
        71.48316500000001,
        70.93432199999998,
        70.61120400000004
    ],
    "commanderkeen": [
        921.114908,
        883.2649189999997,
        899.719192,
        911.0546759999997,
        891.1696670000006
    ],
    "ffmpeg": [
        44.6144890000005,
        44.22035799999958,
        43.62415999999939,
        43.59404799999993,
        44.10848899999928
    ],
    "fib": [
        3138.4801709999992,
        3140.5079690000002,
        3138.6119479999998,
        3141.597857999999,
        3143.1715299999996
    ],
    "figma-startpage": [
        34.94935899999837,
        33.67500999999902,
        34.06967200000145,
        33.770690000001196,
        33.38832000000184
    ],
    "funky-kart": [
        2720.6410529999994,
        2717.954425,
        2699.4849130000002,
        2711.244935999999,
        2687.3923160000013
    ],
    "game-of-life": [
        31.5935610000015,
        31.238343999997596,
        31.61049500000081,
        31.524734999999055,
        31.537019000003056
    ],
    "guiicons": [
        74.6491029999961,
        75.65669599999819,
        74.61803900000086,
        74.99374800000078,
        75.356538
    ],
    "handy-tools": [
        84.17984400000569,
        85.05874499999481,
        86.74617900000158,
        85.91324299999542,
        84.6823000000004
    ],
    "jsc": [
        371.71532400000433,
        374.9725909999979,
        367.07964700000593,
        381.2189520000029,
        375.18882499999745
    ],
    "kittygame": [
        71.05518599999778,
        70.3217500000028,
        71.89717299999757,
        71.50637099999585,
        70.15623800000321
    ],
    "pathfinding": [
        878.8433850000001,
        876.7716809999984,
        876.8937839999999,
        881.2531079999972,
        883.2640580000007
    ],
    "riconpacker": [
        60.62760800000251,
        59.57450100000278,
        59.03972200000135,
        59.148596000006364,
        59.43162199999642
    ],
    "rtexviewer": [
        36.9116370000047,
        36.91102200000023,
        36.76523900000029,
        37.10102399999596,
        38.20227500000328
    ],
    "sqlgui": [
        113.86582500000077,
        112.86704299999838,
        111.50505500000145,
        111.65770500000508,
        112.70182899999782
    ],
    "video": [
        31.466421999997692,
        32.54052400000364,
        34.66487500000221,
        33.878963999995904,
        32.12991899999906
    ],
    "multiplyInt": [
        2106.6340679999994,
        2105.196050999999,
        2104.458958000003,
        2102.489063000001,
        2103.808962000003
    ]
}